Participant_ID,First_Visit_Pre,Visit_Number_Pre,visitNumberRecode,Travel_Pre,Ladder_Pre_Pre,Refreshed_Pre,Comfortable_Pre,Happy_Pre,InnerPeace_Pre,NewPerson_Pre,Confident_Pre,Energized_Pre,Irritable_Pre,Angry_Pre,SelfConscious_Pre,Gender,GenderRecode,Race_Ethnicity,Age,Community,Safety_Post,Safety_txt_Post,SafetyTravel_Post,SafetyTravel_txt_Post,Welcoming_Post,Friendly_Post,Helpful_Post,Attentive_Post,MandF_Staff_Post,AAandLatino_Staff_Post,Music_Post,Staff_Post,Understand_Spot,CareConcern_Post,Vibe_Post,Convenient_Post,Ease_Post,Other_Facilities_Post,WellRun_Post,Tampons_Post,Shaving_Post,HairCare_Post,SoapLotion_Post,Condoms_Post,Underwear_Post,Water_Post,Talk_Staff_Post,Talk_OtherRes_Post,HangOut_Post,Glad_Post,KnowMe_Post,Employment_Post,Housing_Post,FurnitureClothes_Post,Food_Post,FinAssistance_Post,ChildCare_Post,School_Post,Therapy_Post,SubAbuse_Post,SupportGroups_Post,AngerManag_Post,DV_Post,Parenting_Post,HealthCare_Post,Legal_Post,SyringeEx_Post,Other_Post,Other_txt_Post,Cleanliness_Post,Toilets_Post,Shower_Post,HandWashing_Post,ReCharge_Post,Laundry_Post,StaffSupport_Post,Clothing_Post,Ladder_Post,Refreshed_Post,Comfortable_Post,Happy_Post,InnerPeace_Post,NewPerson_Post,Confident_Post,Energized_Post,Irritable_Post,Angry_Post,SelfConscious_Post,Continue_Post,Recommend_Post,LikeMost_Post,Suggestions_Post,AggPre,AggPost,AggGain
BS922,0,20,3,Couple block,10,5,5,5,5,5,5,5,1,1,1,Female,1,Multi,4,1,1, ,1, ,5, ,5,5,1,1,1,1,1,1,1,5,5,5,5,1,1,1,1,0,1,1,1,1,1,1,1,0,0,0,0,0,0,0,0,0,0,0,0,0,0,0,0, , ,5,5,5,5,5,1,5,5,9,5,5,5,5,5,5,5,1,1,1,Shower visit staff,1,Staff,Ineligible (unable to read),32,32,0
CS0823,1,0,0,1 mile,10,2,4,4,4,4,4,4,1,1,1,Female,1,Puerrto,4,4,1, ,1, ,5,5,5,5,1,1,1,1,1,1,1,5,5,5,5,0,1,1,1,0,1,1,1,1,1,1,1,0,0,1,1,0,0,0,0,0,0,0,0,0,0,0,0, , ,5,5,5,5,5,5,5,5,10,5,5,5,5,5,5,5,1,1,1,Because I love it - everything,1,Everything,More clothing selections-ex: bras,23,32,9
IR79,0,3,3,few blocks 7th San Pedro,3,1,1,1,1,1,1,1,2,1,2,Female,1,Black,4,1,1, ,3, ,5,5,5,5,1,1,1,1,1,1,1,5,5,5,5,1,1,1,1,1,1,1,1,1,5,3,5,0,0,0,0,0,0,0,0,0,0,0,0,0,0,0,0, , ,5,5,5,5,5, ,5,3,1,2,3,1,1,1,1,1,1,1,1,Hot water,1,Hot water,More clothes-jeans specifically,2,7,5
JW111,1,0,0,walk block,4,1,2,2,4,1,5,3,3,1,5,male,0,white,4,1,2, ,3, ,5,5,5,5,2,3,1,2,5,2,2,5,5,4,5,0,1,1,1,1,1,1,4,5,5,3,5,0,0,0,0,0,0,0,0,0,0,0,0,0,0,0,0, , ,4,4,4,4,4,0,5,4,4,2,3,3,5,1,5,3,3,1,5,1st tie,1,able to get things that i needed,"awareness, get word out about this place",9,13,4
MW0129,0,10,3,Around the corner,7,3,3,3,4,2,4,3,2,2,1,Male,0,Black,4,3,1, ,2, ,4,4,4,4,1,3,3,3,4,3,2,4,5,4,5,0,1,1,1,1,1,1,3,2,5,3,3,0,0,0,1,0,0,0,0,0,0,0,0,0,0,0,0,1,Hygiene,4,5,5,3,5, ,3,1,6,5,5,4,4,3,5,4,1,1,1,"Easy place, clean",1,Atmoshpere,Open all day,17,27,10
AA1202,0,20,3,walked,9,5,5,5,5,5,5,5,1,1,1,female,1,black,4,3,1, ,2, ,4,4,4,4,2,2,2,2,4,2,2,4,4,3,4,0,1,1,1,0,1,1,2,2,3,3,3,1,1,0,1,0,0,0,1,1,0,0,0,0,0,0,0, , ,5,5,5,5,5, ,5,5,10,5,5,5,5,5,5,5,5,5,5,"showers, underware, be presentable",1,"showers, staff",none,32,20,-12
AD0801,0,30,3,Grand park,1,1,1,1,2,1,1,1,1,1,1,Male,0,Black,3,3,1, ,2, ,5,5,5,5,1,1,3,5,3,3,2,5,5,5,4,0,1,1,1,1,1,1,3,5,5,3,5,0,0,0,0,0,0,0,0,0,0,0,0,0,0,0,0,1,Coffee,5,5,5,5,5, ,5,5,3,3,3,3,3,3,3,3,1,1,3,Cause it's in skid row,3,Shade,Umbrella,5,16,11
AG1124,0,5,3,1 Block,4,2,3,2,5,1,5,2,2,1,2,Male,0,Hispanic,3,3,1, ,1, ,5,5,5,5,1,1,1,1,1,1,1,5,5,5,5,0,1,1,1,1,1,1,1,1,1,1,1,0,0,0,0,0,0,0,0,0,0,0,0,0,0,0,0, , ,5,5,5,5,5, ,5,5,7,5,5,5,5,5,5,5,1,1,5,"Like the spot, They always try to make it better",1,"Everything, but shower is great",Clippers for haircuts for guests to access,15,28,13
AH0811,0,4,3,WALK,8,5,5,5,5,5,5,5,1,1,1,FEMALE,1,BLACK,4,4,1, ,1, ,5,5,5,5,4,1,1,1,3,1,1,5,5,1,5,0,1,1,1,1,1,1,1,1,5,1,1,0,0,0,0,0,0,0,0,0,0,0,0,0,0,0,0, , ,5,5,5,5, , ,5,5,10,5,5,5,5,3,5,5,1,1,1,"CLEAN, FRIENDLY STAFF, CONVIENENT",1,"Clean, convient","None, it's perfect!",32,30,-2
AL0422,0,8,3,1 mile,4,2,2,1,1,2,1,2,3,2,3,Male,0,White,3,3,1, ,1, ,5,5,5,5,1,1,1,1,1,1,1,5,5,5,5,0,0,0,0,0,0,0,1,1,1,1,1,0,0,0,0,0,0,0,0,0,0,0,0,0,0,0,1, , ,5,5,5,5,5, ,5,5,10,5,5,5,5,5,5,5,1,1,1,everything is great,1,the bathroom,water is leaking from shower head,3,32,29
AMJ056,1,0,0,3 blocks,10,1,4,5,3,3,5,5,1,1,1,1.00    ??@,1,mixed,2,1,1, ,1, ,5,5,5,5,1,1,1,1,1,1,1,5,5,5,5,1,1,1,1,1,1,1,1,1,1,1,1,0,0,0,0,0,0,0,0,0,0,0,0,0,0,0,0, ,N/A,5,5,5,5,5, ,5,5,10,5,5,5,5,5,5,5,1,1,1,none,1,support from staff,tea,23,32,9
AR1110,0,1,1,1-2 blocks,10,5,5,5,5,5,5,5,3,1,3,male,0,white,4,0,1, ,1, ,5,5,5,5,2,2,1,2,2,2,2,5,5,5,5,0,1,1,1,1,1,1,2,2,2,1,1,1,1,0,1,0,0,0,0,0,0,0,0,0,0,0,0, , ,5,5,5,5,5, ,5,5,9,5,5,5,5,5,5,5,1,1,1,"clean, music, people",1,"easy to get to, staff, music",lotion and hand products,28,32,4
AT0225,0,2,2,30 min,5,4,4,4,4,4,4, ,1,1,1,male,0,hispanic,4,3,1, ,1, ,5,5,5,5, ,1,1,1,3,1,1,5,5,1,3,0,1,1,1,1,1,1,5,5,1,1,5,0,0,0,0,0,0,0,0,0,0,0,0,0,0,0,0, , ,5,5,5,5,5, ,5,5,7,5,5,5,5,5,3,1,1,1,4,to stay clean,1,give me more time to shower,showers ran more water, ,23, 
AT1222,0,10,3,2 blocks,5,1,1,1,1,1,1,1,1, ,1,Male,0,Mexican,4,4,2, ,2, ,2,2,2,2,3,3,2,2,2,2,2,2,2,2,3,0,0,0,0,0,0,0,3,3,2,2,2,0,0,0,0,0,0,0,0,0,0,0,0,0,0,0,0, , ,2,2,2,2,2, ,2,2,5,2,2,2,2,2,2,2,2,2,2, ,1, , , ,8, 
ATJ0428,0,2,2,5 blocks,10,3,4,4,4,4,4,4,1,1,1,female,1,mixed,3,1,1, ,1, ,5,5,5,5,5,5,5,5,1,1,1,5,5,5,5,1,1,1,1,0,1,1,2,3,5,2,3,0,0,0,1,0,0,0,0,0,0,0,0,0,0,0,0, , ,5,5,5,5,3, ,5,3,10,5,5,5,5,5,5,5,1,1,1,welcoming,1,staff,water,24,32,8
AY1107,1,0,0,2 mile walk,1,1,2,1,3,1,5,3,1,2,1,male,0,moor,4,2,2, ,3, ,5,5,5,5,1,5,1,1,1,1,1,5,5,3,5,1,1,1,1,0,1,1,1,3,5,1,5,0,0,0,0,0,0,0,0,0,0,0,0,0,0,0,0, , ,5,5,5,3,5, ,5,5,10,5,5,5,5,5,5,5,1,1,1,N/A,1,"very nice staff, customer orientedness across the board",fix the loose shower head in the men's handicap shower. maybe a cubby for belongings. soap for sinks,12,32,20
BB1207,0,4,3,1 Mile,6,2,3,3,3,2,3,1,1,1,1,Male,0,White,2,1,1, ,1, ,5,5,5,5,1,1,1,1,1,1,1,5,5,5,5,0,0,0,1,0,1,1,1,2,3,5,3,0,0,0,1,0,0,0,0,0,0,0,0,0,0,0,0,1,DMV/ID,5,5,4,4,4, ,5,3,10,5,5,5,5,5,5,5,1,1,1,Place where I can get necessities done and cleaner than a shelter,1,Charging station,Hotter water,14,32,18
BD0605,0,2,2,block,10,5,5,5,5,5,5,5,1,1,1,male,0,black,4,1,2, ,2, ,5,5,5,5,2,2,2,2,2,2,2,5,5,5,5,0,1,1,1,1,1,1,1,1,1,1,1,0,0,0,1,0,0,0,0,0,0,0,0,0,0,0,0, , ,5,5,5,5,5, ,5,5,10,5,5,5,5,5,5,5,1,1,1,"clean, great staff",1,close by,dont shut down,32,32,0
BL1108,0,3,3,3 blocks,9,3,5,5,5,4,2, , ,1,2,male,0,black,5,3,1, ,1, ,5,5,5,5,2,3,2,1,1,1,1,5,5,5,5,1,1,1,1,1,1,1,1,4,5,5,3,0,1,0,1,0,0,0,0,0,0,0,0,0,0,0,0, , ,5,5,5,5, , ,5,1,9,3,5,5,5,4,2,4,1,1,2,"like the atmosphere, security, cleanliness, everyone feels welcome",1,comfort,rush the laundry, ,24, 
BL725,0,2,2,3 blocks from 9th st,2,1,1,1,1,1,3,3,4,2,1,1.00    ??@,1,Hispanic,4,4,1, ,1, ,5,5,5,5,1,1,1,1,1,1,1,5,5,5,5,1,1,1,1,1,1,1,1,1,1,1,1,0,0,0,0,0,0,0,0,0,0,0,0,0,0,0,0, ,N/A,5,5,5,5, , ,5,5,10,5,5,5,5,5,5,5,1, ,1,Shower,1,Miko,none,4, , 
BSL1129,0,4,3,Gladys 6th,8,1,4,4,4,3,5,5,1,1,1,Female,1,White,3,3,1, ,1, ,5,5,5,5,2,1,1,3,3,3,2,5,5,5,5,1,1,1,1,1,1,1,2,1,3,1,2,0,0,0,0,0,0,0,0,0,0,0,0,0,0,0,0,1,N/A,5,5,5,5,5, ,5,5,9,5,5,5,5,5,5,5,1,1,1,Because I'm homeless,1,More privacy and more friendly here,None,23,32,9
BT1222,1,0,0,4 blocks,9,1,4,5,5,5,5,5,1,1,1,male,0,black,4,3,1, ,1, ,5,5,5,5,1,1,1,1,1,1,1,5,5,5,5,0,1,1,1,0,1,1,1,1,4,1,1,0,0,0,0,0,0,0,0,0,0,0,0,0,0,0,0, , ,5,5,5,5,5,0,5,0,9,5,5,5,5,5,5,5,1,1,1,restroom,1,close by organized cleaned staff personable, ,27,32,5
CB0709,0,7,3,Across the block,6,4,4,4,4,4,4,4,4,4,4,Male,0,White,4,1,3, , , ,3,4,4,4,3,3,4,4,4,3,4,3,3,3,3,0,1,0,1,0,0,0,3,4,4,4,3,0,0,0,1,0,0,0,0,0,0,0,0,0,1,0,0, , ,4,4,4,4,4, ,2,4,6,4,4,5,5,5,5,5,5,5,5,it's convenient,1,the shower,fix the plumbing,16,18,2
CG0827,0,74,3,1 mile,10,2,5,5,5,3, , ,1,1,1,male,0,hispanic,4,4,1, ,3, ,5,5,5,5,3,2,1, ,1,1,1,5,5,5,5,0,1,1,1,1,1,1,3,3,3,3,3,1,1,1,1,0,0,0,0,0,0,0,0,0,0,0,0, , ,5,5,5,5,5, ,5,5,10,5,5,5,5,5,5,5,5,1,1,clean showers,1,friendly staff,"great space, friendly staff", ,28, 
CH0809,0,2,2,1 or 2 blocks,5,1,3,4,3,1,3,2,2,1,5,female,1,black,3,2,1, ,3, ,5,5,5,5,1,1,1,1,3,1,1,5,5,5,5,1,1,1,1,0,1,1,1,1,1,1,1,0,0,0,0,0,0,0,0,0,0,0,0,0,0,0,0, , ,5,5,5,5,5,1,5,5,10,5,5,5,5,5,5,5,1,1,1,shower,1,get away from the streets,none,9,32,23
CL0915,1,0,0,5 min,5,3,3,2,4,1,4,3,4,2,3,male,0,white,4,1,1, ,1, ,5,5,5,5,1,1,1,2,2,1,1,5,5,5,5,1,1,1,1,1,1,1,1,1,3,1,2,1,1,1,1,1,0,1,0,0,0,0,0,0,1,1,0, , ,5,5,5,5,5, ,5,3,8,5,5,3,5,4,5,5,3,1,1,"easy to get to, amazing staff",1,everything,longer hours,11,27,16
CM0616, , , ,2 blocks,6, ,2,2,2,2,2,4,4,4,4,female,1,black,3,2,1, ,2, ,4,5,5,5,1,1,1,1,1,1,1,5,5,5,5,1,1,1,1,1,1,1,1,1,3,1,1,0,0,1,0,0,0,0,0,0,0,0,0,0,0,0,0, , ,5,5,5,5,5,5,5,5,10,5,5,5,5,5,5,5,1,1,2,I like it,1,Friendliness and convenience, , ,31, 
CMS1223,0,1,1,Couple blocks,6,3,3,3,3,3,3,2,3,3,1,Male,0,White,3,3,4, ,2, ,5,5,5,5,1,1,1,2,2,2,1,4,5,5,3,0,1,1,1,1,1,1,2,2,2,3,2,0,0,0,0,0,0,0,0,0,0,0,0,0,0,0,0, , ,5,5,5,5, , ,4, ,9,5,5,5,5,5,5,5,1,1,1,Good experience,1,People, ,13,32,19
CP0822,1,0,0,3 HOURS,10,5,5,5,5,5,5,5,1,1,1,FEMALE,1,WHITE,4,1,1, ,1, ,5,5,5,5,1,1,1,1,2,1,1,5,5, ,5,0,0,0,0,0,0,0,1,1, ,1,5,0,0,0,0,0,0,0,0,0,0,0,0,0,0,0,0, , ,5,5, ,2, , , , ,10,5,5,5,5,5,5,5,1,1,1, ,1,ATMOSPHERE,MORE CLIPBOARDS,32,32,0
CP1107,1,0,0,3 blocks,5,2,2,3,2,1,3,2,2,3,3,Don't Know,2,N/a,4,4,1, ,2, ,5,5,4,5,2,2,2,1,1,1,1,5,5,3,4,1,1,1,1,1,1,1,1,1,3,1,1,0,0,0,0,0,0,0,0,0,0,0,0,0,0,0,0, , ,4,5,5,5, , ,5, ,7,3,3,5,5,4,5,4,1,1,1,N/a,1,"Nice and comfortable, peaceful",keep bad people away,7,26,19
CR0828,0,16,3,3 Blocks,10,2,2,5,5,3,5,2,1,1,3,Female,1,Hispanic,3,1,1, ,2, ,5,5,5,5,1,1,1,1,1,1,1,5,5,5,5,1,1,1,1,0,1,1,1,1,1,1,1,1,1,1,1,1,0,0,1,0,0,0,0,0,1,0,0, , ,5,5,5,5,5, ,5,5,9,5,5,5,5,5,5,5,1,1,1,I love it it's clean,1,Clean and staff,N/a,19,32,13
CS0224,0,3,3,1 BLOCK,8,3,3,3,3,3,3,3,3,3,3,FEMALE,1,AFRICAN AMERICAN,4,1,1, ,1, ,5,5,2,2,2,4,5, ,3,1,2,4,4,4,3,0,1,1,1,0,0,1,4,4,4,3,3,0,0,0,0,0,0,0,0,0,0,0,0,0,0,0,0,1,LAUNDRY,5,5,5,5,5, ,5, ,6,5,5,2,2,5,5,5,1,1,1,GREAT STAFF,1,EASY TO GET TO,NONE,12,26,14
DAT0123,0,2,2,8 miles,8,1,1,5,5,4,5,5,1,1,1,Female,1,Black,4,4,1, ,3, ,5,5,5,5,1,1,1,1,1,1,1,5,5,5,5,1,1,1,1,1,1,1,1,1,5,1,1,0,0,0,0,0,0,0,0,0,0,0,0,0,0,0,0, , ,5,5,5,5,5,5,5,5,10,5,5,5,5,5,5,5,1,1,1,"One of a kind, they give everything, & make you feel whole",1,"The staff, music, and feeling ""at-home""",N/a,23,32,9
DC1227,0,5,3,1 block,3,1,5,3,5,4,5,5,1,1,3,male,0,black/ puerto rican,2,3,1, ,1, ,5,5,5,5,1,2,1,1,1,1,3,5,5,5,5,0,1,1,1,0,1,1,1,1,1,1,1,1,0,1,0,0,0,0,0,0,0,0,1,0,1,0,1, , ,3,5,4,5,3, ,5,4,9,5,5,5,5,5,5,5,1,2,2,showers,1,"cleanliness, staff",keep open,23,30,7
DD0302,1,0,0,3 hours,10,5,5,5,5,5,5,5,1,1,1,MALE,0,HISPANIC,3,1,1, ,1, ,5,5,5,5,1,1,1,1,1,1,1,5,5,5,5,0,1,1,1,0,1,1,1,1,1,1,1,0,0,0,0,0,0,0,0,0,0,0,0,0,0,0,0, , ,5,5,5,5,5, ,5,5,10, , , , , , , ,1,1,1,RESTROOM,1,HELPS THE HOMELESS NEED MORE,GREAT JOB,32, , 
DD0818,0,3,3,1 block,10,5,5,5,5,5,5,5,1,1,1,male,0,black,4,3,1, ,1, , ,5, , ,3,4,5, ,5,5,1,5,5,5,4,0,0,0,0,0,1,1,5,3,1,5,5,0,0,0,0,0,0,0,0,0,0,0,0,0,0,0,0, , , , , , , , ,5, ,7,4,2,1,3,1,4,1,5,1,2,"yes, to get a breakfast",1,food is included,serve lunch,32,8,-24
DE1115,0,3,3,NOT FAR,10,5,5,5,5,5,5,5,1,1,1,MALE,0,HISPANIC,3,3,1, ,1, ,5,5,5,5,1,1,1,3,2,1,1,5,5,5,5,0,1,1,1,0,1,1,2,2,2,1,3,0,0,0,0,0,0,0,0,0,0,0,0,0,0,0,0, ,N/A,5,5,5,5,5, ,5,3,10,5,5,5,5,5,5,5,1,1,1,"WELL ORGANIZED, SHORT WAIT TIME,CLEANER",1,"ATMOSPHERE, VERY RELAXED",BARBER TO CUT HAIR,32,32,0
DG0707,0,3,3,1/4 Mile,10,5,5,5,5,5,5,5,1,1,3,Male,0,African American,4,3,1, ,1, ,5,5,5,5,1,1,1,1,1,1,1,5,5,5,5,1,1,1,1,1,1,1,1,1,1,1,1,1,1,0,1,0,0,0,0,1,0,0,0,0,1,0,0, , ,5,5,5,5,5, ,5,4,10,5,5,5,5,5,5,5,1,1,1,It's great,1,Atmosphere,Do not stop!,30,32,2
DG1117,0,4,3,Union,10,4,5,5,5,5,5,5,1,1,1,female,1,Black,4,3,1, ,1, ,5,5,5,5,1,1,1,1,1,1,1,5,5,5,5,1,1,1,1,1,1,1,2,2,2,2,2,0,0,0,0,0,0,0,0,0,0,0,0,0,1,0,0,1,ID Referral,5,5,5,5,5, ,5,5,10,5,5,5,5,5,5,5,1,1,1,showers are very clean and private,1,The staff are very concerned about my needs,None,31,32,1
DH0113,1,0,0,1 mile,8,2,2,5,5,5,5,5,1,1,1, , ,Black,3,4,1, ,1, ,5,5,5,5,1,1,1,1,1,1,1,5,5,5,5,0,1,0,1,1,1,1,2,2,2,2,2,0,0,0,0,0,0,0,0,0,0,0,0,0,0,0,0, , ,5,5,5,5,5, ,5,5,10,5,5,5,5,5,5,5,1,1,1,None,1,very clean/an you provide what i need,none,26,32,6
DH0425,1,0,0,2 blocks,10,5,4,4,4,5,4,4,1,1,1,male,0,black,5,1,1, ,1, ,5,5,5,5,1,1,1,1,1,1,1,5,5,5,5,1,1,1,1,0,1,1,1,1,1,1,1,0,0,0,0,0,0,0,0,0,0,0,0,0,0,0,0, , ,5,5,5,5,5, ,5,5,10,5,5,5,5,5,5,5,5,5,5,showers,1,staff,N/A,27,20,-7
DH0530,0,15,3,5 Blocks,9,4,4,4,4,3,4,4,1,1,1,M,0,Black,4,2,2, ,2, ,4,4,4,4,1,1,1,1,1,1,1,4,4,4,4,1,1,1,1,1,1,1,2,2,2,2,2,1,1,1,1,1,0,0,0,0,0,0,0,0,0,1,0, , ,4,5,5,4,4, ,4,4,9,4,4,4,4,4,4,4,1,1,1,Showers,1,Close by,No,24,25,1
DJ0409,0,15,3,2 blocks,10,4,4,4,4,4,4,4,1,1,1,male,0,white,4,1,1, ,1, ,5,5,5,5,1,1,1,1,1,1,1,5,5,5,5,0,1,1,1,0,1,1,1,1,1,1,1,0,0,0,0,0,0,0,0,0,0,0,0,0,0,0,0, , ,5,5,5,5,5, ,5,5,10,5,5,5,5,5,5,5,5,5,5,shower,1,shower cleanliness,N/A,25,20,-5
DL0915,0,2,2,1 block,6.5,5,5,5,5,5,5,5,1,1,1,female,1,black,2,3,1, ,1, ,5,5,5,5,1,1,1,1,1,1,1,5,5,5,5,0,1,0,1,0,1,0,1,1,1,1,1,0,0,0,0,0,0,0,0,0,0,0,0,0,0,0,0, , ,5,5,5,5,5, ,5,5,10,5,5,5,5,5,5,5, , , ,N/A, , , ,32, , 
DM0108,0,4,3,3 blocks,10,5,5,5,5,5,5,5,1,1,1,male,0,Brown,3,1,1, ,1, ,5,5,5,5,1,1,1,5,4,5,5,5,5,5,5,0,1,0,1,1,1,1,1,1,1,1,1,0,0,0,0,0,0,0,0,0,0,0,0,0,0,0,0, , ,5,5,5,5,5, ,5,5,10,5,5,5,5,5,5,5,1,1,1,"showers, people, staff, music",1,"privacy, independent",keep up good work on staff,32,32,0
DM1121,0,2,2,2 blocks,9,3,3,3,3,2,3,4,1,1,2,female,1,Black,4,4,1, ,1, ,5,5,5,5,2,2,1,2,2,1,1,5,5,5,5,1,1,1,1,1,1,1,1,1,3,1,1,0,0,0,0,0,0,0,0,0,0,0,0,0,0,0,0,1,N/A,5,5,5,5,5, ,5,5,10,5,5,5,5,5,5,5,1,1,1,safe,1,clean and staff support,Books,17,32,15
DR0818,0,20,3,General/ LAC + USC,3,1,1,2,3,1,1,1,3,3,5,Male,0,Black,5,1,1, ,1, ,5,5,5,5,1,1,1,1,1,1,1,5,5,5,5,1,0,1,1,1,1,1,1,1,1,1,1,0,0,1,0,0,0,0,0,0,0,0,0,0,0,0,0, , ,5,5,5,5,5, ,5,5,10,5,5,5,5,5,5,5,1,1,1,Yes,1,Not packed,More clothing,-1,32,33
DR1114, , , ,2 1/2 miles on foot,7,2,3,5,5,5,5,5,1,1,1,male,0,white/italian,4,2,3, ,1, ,5,5,5,5,2,2,1,2,2,2,1,3,4,5,4,0,1,1,1,0,1,0,2,3,5,1,4,0,0,0,1,0,0,1,0,0,0,0,0,0,0,1,0, , ,5, ,5,5,2, ,5,5,10,5,5,5,5,1,5,5,1,1,1,n/a,1,"secure, friendly, no outside things coming in here",showers-antislip and shower head,27,28,1
DW0321,0,20,3,Down the street,6,1,3,3,3,1,5,2,2,1,1,Male,0,BL Human,4,3,1, ,1, ,5,5,5,5,1,1,1,1,1,1,1,5,5,5,5,0,1,0,1,0,1,1,1,1,1,1,1,0,0,0,0,0,0,0,0,0,0,0,0,0,0,0,0, , ,1,1,1,1,1, ,1,1,9,5,5,5,5,5,5,5,1,1,1,To take showers,1,Girls,Get umbrella tonight,14,32,18
EC0630,0,32,3,block,9,5,5,1,5,1,3,5,5,3,3,male,0,human,4,3,1, ,1, ,5,5,5,5,1,1,1,1,1,1,1,5,5,5,5,0,0,1,1,1,1,1,3,3,2,1,1,0,1,0,0,0,0,0,0,0,0,0,0,0,1,0,0,1,ID,5,5,5,5,5, ,5,5,10,5,5,5,5,5,5,5, ,2,4,has everyting i need and some. location,1,super clean and fresh,longer hours for opening,14, , 
ED0824,0,16,3,"3rd Omar, 7 Blocks",10,2,5,5,5,5,5,5,1,1,1,Male,0,Italian,4,1,1, ,1, ,5,5,5,5,1,1,1,1,1,1,1,5,5,5,5,0,1,0,1,1,1,1,1,1,1,1,1,1,1,1,1,1,0,0,1,1,1,1,0,0,1,1,0, , ,5,5,5,5,5, ,5,5,10,5,5,5,5,5,5,5,1,1,1,Clean,1,Clean/cool,N/a,29,32,3
EM1013,0,60,3,Echo park,5,3,3,3,2,1,2,1,4,4,4,Male,0,Mexicano,4,3,1, ,4, ,5,5,3,5,3,4,4,4,3,3,2,4,3,4,4,0,1,1,1,0,1,1,3,4,4,2,3,0,1,0,1,0,0,0,0,0,0,0,0,0,0,0,0, , ,4,5,5,4,3, ,4,2,10,5,4,4,4,5,5,5,1,1,4,Hot/clean shower,1,Safe and very clean,More spanish speaking staff,3,26,23
ENJ0609,1,0,0,washington blvd,10,5,5,5,5,5,5,5,1,1,1,male,0,philippine/spanish,4,2,1, ,1, ,5,5,5,5,1,1,1,1,1,1,1,5,5,5,5,0,1,1,1,1,1,1,1,1,1,1,1,1,1,1,1,1,1,1,1,1,1,1,1,1,1,1,1, , ,5,5,5,5,5, ,5,5,10,5,5,5,5,5,5,5,1,1,1,"great place, peaceful",1,"relaxing, loving people",just keep doing what you doing,32,32,0
ER0512,1,0,0,San Pedro 5th,10,2,5,5,5,5,5,5,1,1,1,Male,0,Jamican/Black,2,3,1, ,1, ,5,5,5,5,1,1,1,1,1,1,1,5,5,5,5,1,1,1,1,1,1,1,1,1,1,1,1,1,1,0,1,0,0,0,0,0,0,0,0,0,0,0,0, , ,5,5,5,5,5,1,5,5,10,5,5,5,5,5,5,5,1,1,1,Staff showers,1,Staff personalities/great service,N/a,29,32,3
EW0110,1,0,0,2 miles,1,1,2,2,1,1,1,1,4,3,4,Male,0,African American/Black,4,3,2, ,1, ,5,5,5,5,5,5,5,4,5,5,5,5,5,5,5,1,1,1,1,1,1,1,5,5,5,5,4,0,0,0,0,0,0,0,0,0,0,0,0,0,0,0,0, , ,4,3,4,3,2, ,2,1,7,3,3,3,2,3, ,2,3,2,2,N/A,2,I don't know,Nothing,-2, , 
FK0405,0,4,3,1 block,3,1,5,5,5,2,1,1,2,1,3,male,0,white latino,3,2,1, ,2, ,4,4,5,4,3,1,2,2,2,2,1,5,5,5,5,1,1,1,1,1,1,1,1,1,1,1,1,0,0,0,1,0,0,0,0,0,0,0,0,0,0,0,0, , ,5,5,5,5,5, ,5,5,10,5,5,5,5,5,5,5,1,1,2,"easy convient, no bill",1,no cameras,smoke,14,31,17
FLW0607,0,30,3,1 Mile, ,2,5,5,5,5,5,4,1,1,3,Male,0,Black,4,4,1, ,1, ,5,5,5,5,1,1,1,3,1,1,1,5,5,5,5,0,1,0,1,0,1,1,1,1,1,1,1,0,0,0,0,0,0,0,0,0,0,0,0,0,0,0,0, , ,5,5,5,5,5, ,5,5,10,5,5,5,5,5,5,3,1,1,3,Refresh myself,1,Miko,Couldn't be any better,26,28,2
FS0614,0,8,3,santa monica,7,1,3,3,4, ,3,4, ,1,1,male,0,white,2,1,1, ,1, ,5,5,5,5,1,4,1, ,1,1,1,5,5,5,5,0,0,0,0,0,1,1,3,3,1,1,1,0,0,0,0,0,0,0,0,0,0,0,0,0,0,0,0, , ,4,4,4, , , ,4,4,8,5,4,5,5,5,5,5,1,1,1,"the music, atmosphere",1,everything it has to offer,serve food, ,31, 
G2611,0,3,3,close by,10,5,5,5,5,5,5,5,1,1,1,.00     ??@,0,Latin,3,3,2, ,1, ,5,5,5,5,1,1,1,1,1,1,1,5,5,4,5,0,1,1,1,1,1,1,1,2,1,1,1,0,0,0,0,0,0,0,0,0,0,0,0,0,0,0,0, , ,5,5,5,5, , ,5,4,10,5,5,5,5,4,5,5,1,1,1,Great place to shower,1,Showers and clothing,Spanish speakers,32,31,-1
GC0107,0,6,3,6 blocks,3,1,1,1,1,1,2,2,3,1,1,male,0,mexican,4,2,1, ,1, ,5,5,5,5,1,1,1,1,1,1,1,5,5,5,5,0,1,1,1,1,1,1,1,1,4,1,1,0,0,0,0,0,0,0,0,0,0,0,0,0,0,0,0, , ,3,4,2,5, , ,5, ,10,5,5,5,5,2,4,4,1,1,1,its easy to get to,1,"good atmosphere, no long wait","hot water, hair products for black men, heat inside trailers",4,27,23
GCK0301,0,4,3,Santa Monica,10,5,5,5,5,5,5,5,1,1,1,male,0,Black,4,2,1, ,1, ,5,5,5,5,1,1,1,1,1,1,1,5,5,5,5,0,1,1,1,0,0,0,5,5,5,5,5,0,0,0,0,0,0,0,0,0,0,0,0,0,0,0,0, , ,5,5,5,5,5, ,5,5,10,5,5,5,5,5,5,5,1,1,1,none,1,showers and staff,none,32,32,0
GE0124,0,1,1,15 minutes,5,5,5,5,4,4,4,3,5,1,2,male,0,Latino,3,4,1, ,5, ,5,5,5,5,2,2,2,2,2,2,2,4,4,4,5,1,1,1,1,1,1,1,2,2,2,2,3,1,1,1,1,1,0,1,1,1,1,1,0,0,1,1,0, , ,5,5,5,5,5, ,5,2,10,5,5,5,5,5,4,5,1,1,1,"Very helpful, better than surrounding areas",1,The staff,Keep on smiling!!,22,31,9
GP0202,0,30,3,5 blocks,2,1,5,5,5,3,5,3,2,1,3,male,0,isrealite,5,3,1, ,1, ,5,5,5,5,2,2,2,2,2,2,2,4,5,5,5,1,1,1,1,1,1,1,1,2,3,2,2,0,0,1,0,1,0,0,0,0,1,0,0,0,0,1,0,1,24 restrooms,5,5,5,5,5, ,5,4,10,5,5,5,5,5,5,5,2,1,1,this is the best there is in the area,1,"clean atmosphere, great staff",longer toilet availability,21,31,10
GW0328,1,0,0,.1 mile,10,2,4,4,4,4,4,4,1,1,1,female,1,other,4,3, , , , ,5,5,5,5,1,1,1,1,1,1,1,5,5,5,5,1,1,1,1,1,1,1,1,1,1,1,1,0,0,0,0,0,0,0,0,0,0,0,0,0,0,0,0,1,ID referral,5,5,5,5,5, ,5,5,10,5,5,5,5,5,5,5,1,1,1,I love it here/need this,1,treat you with love/respect and help us,keep it here!,23,32,9
GW716,1,0,0,1 mile,7,2,2,4,4,4,4,4,1,1,1,male,0,islander,4,3,2, ,2, ,4,4,4,4,2,2,2,2,5,2,2,5,3,5,4,1,1,1,1,1,1,1,1,1,1,1,4,0,0,0,1,0,0,0,0,0,0,0,0,0,0,0,0, , ,5,5,4, , , ,4,3,9,3,3,3,5,3,5,3,1,1,1,N/A,1,the convenience,drinking water,21,22,1
HB1105,0,10,3,1 mile,8,2,2,5,5,5,5,5,1,1,1,female,1,black,2,3,1, ,1, ,5,5,5,5,1,1,1,1,1,1,1,5,5,5,5,1,1,1,1,0,1,1,1,2,2,1,2,0,0,0,0,0,0,0,0,0,0,0,0,0,0,0,0, , ,5,5,5,5,5, ,5,5,10,5,5,5,5,5,5,5,1,1,1,showers and the people,1,"the staff, very friendly and helpful",bug spray,26,32,6
HC0413,1,0,0,Stanford,8,1,4,4,3,5,5,4,1,1,2,female,1,Native American,3,1,1, ,1, ,5,5,5,5,1,5,1,4,1,1,1,5,5,5,5,1,1,1,1,0,1,1,1,3,4,1,3,0,0,0,1,0,0,0,0,0,0,0,0,0,0,0,0, , ,5,5,5,5, , ,5,5,10,5,5,5,5,5,5,5,1,1,3,N/A,1,clean, ,22,30,8
HP0122,0,5,3,15 minutes,8,4,5,5,5,5,5,5,1,1,1,female,1,Mexican/Latina,3,3,1, ,1, ,5,5,5,5,1,1,1,1,1,1,1,5,5,5,5,0,1,1,1,0,1,1,1,1,1,1,1,0,0,0,0,0,0,0,0,0,0,0,0,0,0,0,0,1,none,5,5,5,5,5, ,5,5,10,5,5,5,5,3,5,5,1,1,1,"Positive vibes, welcome, relaxing shower",1,"the customer service, greeting",More shade because of the weather,31,30,-1
IH0730,0,20,3,1 mile,10,5,5,5,5,5,5,5,3,1,1,male,0,black,4,3,1, ,1, ,5,5,5,5,2,2,1,2,2,1,1,4,4,5,5,0,1,1,1,1,1,1,2,2,3,2,2,0,0,0,0,0,0,0,0,0,0,0,0,0,0,0,0, , ,5,5,5,5,5, ,5,5,8,5,5,5,5,5,5,5,1,1,1,comfortable/great staff,1,staff/music,lotion/hand products,30,32,2
IM0418,0,2,2,1 BLOCK,10,5,5,5,5,5,5,5,1,3,1,FEMALE,1,SPANISH,5,3,1, ,1, ,5,5,5,5,1,1,1,1,1,1,1,5,5,5,5,1,1,1,1,1,1,1,1,1,1,1,1,0,1,1,0,0,0,0,0,0,0,0,0,0,0,0,0, , ,5,5,5,5,5,5,5,5,10,5,5,5,5,5,5,5,1, ,1,YES,1,NICE STAFF/ATMOSPHERE,More facilities for the homeless,30, , 
JA0723,0,5,3,5 miles,10,5,5,5,5,5,5,5,5,5,5,male,0,Hispanic,5,2,2, ,2, ,5,5,5,5,2,2,2,2,2,2,2,4,4,5,5,0,1,1,1,1,1,1,2,2,3,2,2,0,1,0,1,0,0,0,0,0,0,0,0,0,0,0,0, , ,5,5,5,5,5, ,5,5,9,5,5,5,5,5,5,5,1,1,1,"clean showers,nice atmosphere",1,"staff, showers",none,20,32,12
JA1221,0,60,3,1 mile,10,1,2,5,5,4,4,5, ,1,1,male,0,american indian,4,3,1, ,1, ,5,5,5,5,1,1,1,1,1,1,1,5,5,5,5,0,1,1,1,0,1,1,1,1,1,1,1,0,0,0,0,0,0,0,0,0,0,0,0,0,0,0,0, , ,5,5,5,5,5, ,5,5,10,5,5,5,5,5,5,5,1,1,1,clean people friendly shower daily,1,free hygienes,open 7 days, ,32, 
JAZ0626,1,0,0,1 block,9,5,5,5,5,5,5,5,1,1,1,male,0, ,3,3,1, ,2, ,5,5,5,5,1,1,1,1,2,1,1,5,5,5,5,1,1,1,1,1,1,1,1,1,3,1,4,1,1,0,1,0,0,1,0,0,0,0,0,0,0,1,0, , ,5,5,5,5,5, ,5,3,10,5,5,5,5,5,5,5,1,1,1,n/a,1,great staff/clean facility,more hours and laundry,32,32,0
JCR1001,0,5,3,around block,10,4,4,4,4,4, ,4, , , ,male,0,BLK,4,3,1, ,1, ,5,5,5,5,1,1,1,1,1,1,1,5,5,5,5,0,1,1,1,1,1,1,1,1,1,1,1,0,0,1,0,0,0,0,0,0,0,0,0,0,0,0,0, , ,5,5,5,5,5, ,5, ,10,5,5,5,5,5,5,5,1,1,3,Nice people respect,1,"mellow, comfortable",n/a, ,30, 
JG0221,1,0,0,1 BLOCK,8,1,4,4,5,4,4,4,1,1,1,MALE,0,NATIVE AMERICAN,4,3,1, ,1, ,5,5,5,5,1,1,1,1,1,1,1,4,4,4,4,0,0,0,1,1,1,1,1,1,1,1,1,0,0,0,0,0,0,0,0,0,0,0,0,0,0,0,0, ,N/A,5,5,5,5,5, ,5,5,10,5,5,5,5,5,5,5,1,1,1,SHOWER,1,"CLEAN,FREE,SHOWER,STAFF",none,23,32,9
JG1027,0,1,1,2 blocks,1,3,3,2,3,1,3,3,1,1,2,male,0,black,4,4,1, ,1, ,4,4,4,4,2,2,2,2,2,2,2, , , , ,0,1,0,1,1,1,1,3,3,3,3,3,0,0,0,0,0,0,0,0,0,0,0,0,0,0,0,0,1,NA,5,5,5,5,5, ,5,5,8,5,5,4,4,3,4,4,2,1,1,NA,1,open sky/music,none,14,25,11
JG1231,0,3,3,Malibu Surfraider PCH,10,2,5,5,5,5,5, ,1,1,1,Male,0,Mexican,4,4,1, ,1, ,5,5,5,5,1,1,1,1,1,1,1,4,4,4,5,0,1,1,1,1,0,1,1,1,1,1,1,0,1,1,0,0,0,0,0,0,0,0,0,0,0,1,0, , ,5,5,5,5,5, ,5,2,10,5,5,5,5,5,4,5,1,1,1,Accessibility,1,Attention,Clothes, ,31, 
JH1224,0,6,3,1/4 mile,5,2,3,2,3,4,3,3,4,4,2,male,0,american indian,4,3, , , , ,5,5,5,5,1,1,1,1,1,1,1,5,5,5,5,0,1,1,0,0,1,1,1,1,1,1,1,1,1,1,1,1,0,1,1,1,1,1,1,0,1,1,1, , ,5,5,5,5,5, ,5,5,10,5,5,5,5,5,5,5,1,1,1,showers,1,clean,N/A,10,32,22
JH512,0,20,3,2 blocks,10,5,5,5,5,1,5,5,1,1,4,1.00    ??@,1,Ami,4,4,1, ,1, ,5,5,5,5,1,1,1,1,1,1,1,5,5,5,5,1,1,1,1,1,1,0,1,1,1,1,1,0,0,0,0,0,0,0,0,0,0,0,0,0,0,0,0, , ,5,5,5,5, , ,5,5,10,5,5,5,5,5,5,5,1,1,1,Feel like someone when I'm here. Gree to be myself.,1,Like everything,24 hrs,25,32,7
JI,0,2,2,not too far,10,5,5,5,5,5,5,1,1,1,1,male,0,Mexican,4,3,2, ,2, ,5,5,5,5,2,2,1,1,1,1,1,5,5,5,5,0,1,1,1,1,1,1,2,2,2,2,3,1,0,1,1,0,0,0,0,0,0,0,0,0,0,0,0, , ,5,5,5,4,5, ,5,4,10,5,5,5,5,5,5,5,1,1,1,looking for housing,1,he likes that the showers are well maintained,the laundries,28,32,4
JL1121,1,0,0,1 block,10,1,3,5,3,2, ,5,1,1,2,female,1,White,3,2,1, ,1, ,4,5,5,5,1, ,1,2,1,1,1,5,5,5,5,0,1,1,1,1,1,1,2,2,2,1,2,0,0,0,0,0,0,0,0,0,0,0,0,0,0,0,0, , ,5,5,5,5,5, ,5, ,10,5,5,5,3,5,5,5,1,1,1,Best place to shower. Better the rest.,1,Come to hang out--relax,Add me as employee, ,30, 
JM0119, , , ,2 Miles- Union station,6,2,3,4,4,2,4,3,2,1,3,Female,1,White,4,2,2, ,3, ,5,5,5,5,2,3,2,3,2,2,2,4,4,4,4,1,1,1,1,1,1,1,2,2,3,3,3,0,0,0,1,0,0,0,0,0,0,0,0,0,0,0,0, , ,5,5,5,5, , ,5,5,9,4,4,4,5,5,5,5,1,1,1,Clean/hot water,1,Cleanliness,Nothing,16,29,13
JP1108,0,15,3,block,8,5,5,5,3,2,5,5,1,1,1,female,1,white,3,1,2, ,3, ,5,5,5,5,2,3,3,4,3,1,2,5,5,5,5,1,1,1,1,0,1,1,2,2,3,2,1,0,0,1,1,0,0,0,0,0,0,0,0,0,0,0,0, , ,4, ,5,4, , ,4,3,9,4,4,4,3,4,4,4,1,1,1,its more hospitable than other places,1,towels,more variety in the music,27,24,-3
JR0624,0,12,3,1/2 Block,6,3,4,4,3,2,3,2, ,2,4,Female,1,Hispanic,5,2,2, ,5, ,4,4,4,4,2,2,1,1,2,1,1,2,4,5,5,1,1,1,1,0,1,1,4,4,5,1,1,0,0,0,1,0,0,0,0,0,0,0,0,0,0,0,0, , ,5,5,5,5, , , ,5,10,4,5,4,4,5,3,4,1,1,1,I am happy here,1,I love the Angels- the security guard,N/a, ,26, 
JR1029,1,0,0,1 BLOCK,8,2,3,3,5,3,4,5,1,1,1,MALE,0,HISPANIC,4,3,1, ,1, ,5,5,5,5,1,2,2,2,1,1,1,5,5,5,5,0,0,0,1,1,1,1,2,3,2,3,3,0,0,0,0,0,0,0,0,0,0,0,0,0,0,0,0, , ,5,5,5,5,5, ,5,5,10,5,5,5,5,5,5,5,1,1,1,"SHOWERS,MUSIC",1,SHOWERS/FOOD/STAFF,NONE,22,32,10
JS0506,0,5,3,block,10,5,5,5,5,5,5,5,1,1,1,male,0,black,4,4,2, ,2, ,5,5,5,5,1,3,1,3,1,1,1,5,5,5,5,0,1,1,1,1,1,1,1,1,5,1,5,0,0,0,0,0,0,0,0,0,0,0,0,0,0,0,0, , ,5,5,5,5,5, ,5,5,10,5,5,5,5,4,5,5,1,1,1,cleanest and best attitudes,1,"clean, people are glad to see you",everything is great,32,31,-1
JT1018,1,0,0,not long,7,2,3,3,3,3,3,3,3,3,3,Both,2,other,3,3,3, , , ,4,4,5,4,2,2,1,1,3,1,2,3,3,3,5,1,1,1,1,1,1,1,4,2,4,3,3,0,0,1,1,0,0,0,0,0,0,0,0,0,0,0,0, , ,4,3,5,5, , , ,5,4,2,3,3,3,4,3,2,1,1,3,Water/shower services,1,"How it's organized, runs smoothly + efficiently",N/a,11,15,4
JW0313,0,4,3,0.6 miles,8,1,4,4,4,4,4,4,1,1,1,female,1,white,4,3,1, ,2, ,5,5,5,5,1,3,4,3,3,2,2,4,5,5,5,1,1,1,1,0,1,1,1,2,3,2,3,0,0,0,1,0,0,0,0,0,0,0,0,0,0,0,0, , ,5,5,5,5,3, ,5,5,9,5,5,3,4,4,3,5,1,1,3,convenient,1,shower,N/A,22,24,2
JW0423,1,0,0,MISSION,8,2,3,3,3,3,3,3,2,1,1,FEMALE,1,BLACK,3,1,1, ,1, ,5,5,5,5,1,1,1,1,1,1,1,5,1,5,5,1,1,1,1,1,1,1,5,4,5,2,2,0,0,0,0,0,0,0,0,0,0,0,0,0,1,0,0,1, ,5,5,5,5,5, ,5,5,10,5,4,5,5,5,5,5,2,1,1,N/A,1,THE ENVIRONMENT,CHRISTIAN MUSIC,16,30,14
JW0522,0,7,3,3 blocks,3,3,3,3,3,3,3,3,3,3,1,male,0,white,3,1,1, ,1, ,5,5,5,5,3,3,2,2,2,2,2,4,4,4,4,0,1,1,1,1,1,1,3,3,5,4,5,0,0,0,0,0,0,0,0,0,0,0,0,0,0,0,0, , ,5,5,5,5,5, ,5, ,5,4,4,4,4,3,3,3,3,3,3,best location to come and get cleaned up,1,easy to use,have more blankets,14,16,2
JW0524,0,10,3,a few blocks,10,4,4,4,4,3,5,4,2,2,4,male,0,black-african,3,4,1, ,1, ,5,5,5,5,1,1,1,1,1,1,1,5,5,5,5,1,1,1,1,1,1,1,1,1,2,2,1,0,0,1,1,0,0,0,1,0,1,0,0,0,0,0,0, , ,5,5,5,5,5, ,5,4,10,5,5,5,5,5,5,5,3,3,5,clean and relaxing,1,take showers often,N/A,20,24,4
JZ0913,1,0,0,1 block,10,1,3,5,3,4,5,5,1,1,1,male,0,latino,3,2,2, ,1, ,5,5,5,5,1,1,1,1,1,1,1,5,5,5,5,0,1,0,1,1,1,1,1,1,1,1,1,0,1,0,0,0,0,0,0,0,0,0,0,0,0,0,0, , ,5,5,5,5,5, ,5,5,10,5,5,5,5,5,5,5,1,1,5,friendly service,1,music,great place,23,28,5
KC0728,1,0,0,2 BLOCKS,4,1,2,1,1,1,1,1,2,2,4,MALE,0,BLACK,4,2,1, ,4, ,5,5,5,5,1,1,1,1,1,1,1,5,5,2,5,1,1,1,1,1,1,1,1,1,2,1,1,0,0,0,0,0,0,0,0,0,0,0,0,0,0,0,0, , ,5,5,5,5, , ,4,1,4,1,1,1,1,1,1,1,2,2,4,N/a,1,ATMOSPHERE,None,0,-1,-1
KH0924,0,6,3,1 BLOCK,10,5,5,5,5,5,5,5,1,1,1,MALE,0,BLACK,3,1,2, ,2, ,5,5,5,5,3,5,2,1,1,1,1,5,5,5,5,1,1,1,1,1,1,1,1,1,5,2,1,0,0,0,1,0,0,0,0,0,0,0,0,0,0,0,0, , ,5,5,5,5, , ,5,3,10,5,5,5,5,5,5,5,2,2,1,CLEAN/ORGANIZED,1,CLEANLINESS,HOURS AND AVAILABILITY,32,30,-2
KJ0208,0,6,3,1/2 Block,6,1,3,3,2,1,3,2,1,1,4,M,0,Black,4,2,1, ,2, ,5,5,5,5,2,3,1,1,2,1,1,5,5,5,4,1,1,1,1,1,1,1,1,4,5,1,5,0,0,0,0,0,0,0,0,0,0,0,0,0,0,0,0, , ,4,5,3,5,1, ,5, ,8,4,4,3,3,2,3,2,1,1,4,"Good resources, faster than anything else in community",1,Atmosphere,Make sure the janitorial staff cleans the showers after every use,9,15,6
KM0512,0,4,3,1 block,8,1,4,4,4,3,4,4,1,1,1,male,0,black,4,4,1, ,1, ,5,5,5,5,1,1,1,1,1,1,1,5,5,5,5,0,1,1,1,1,1,1,1,1,1,3,3,0,0,0,0,0,0,0,0,0,0,0,0,0,0,0,0, , ,5,5,5,5,5, ,5,5,9,5,5,5,5,5,5,5,1,1,1,its a great place,1,hot water,"no suggestions, they run a tight ship.",21,32,11
KM0729,0,4,3,.2 miles,8,2,5,5,5,5,5,5,1,1,1,female,1,Hispanic/Black,3,2,1, ,1, ,5,5,5,5,1,1,1,1,1,1,1,5,5,5,5,1,1,1,1,1,1,1,1,1,3,1,1,0,0,0,0,0,0,0,0,0,0,0,0,0,1,0,0,1,ID/Homeless Health Care,5,5,5,5,5, ,5,5,10,5,5,5,5,5,5,5,1,1,1,"I like it here, its better then other facalites...",1,Clean/an great staff/has what i need,none,29,32,3
KM1216,1,0,0,0.3 miles,8,1,2,3,3,3,3,3,1,1,1,female,1,black,3,1,3, ,3, ,4,4,4,3,1,3,2,3,3,3,3,2,2,2,4,1,0,1,1,0,1,1,3,3,5,1,1,0,0,0,0,0,0,0,0,0,0,0,0,0,0,0,0, ,N/A,4,4,2,0, , ,5,4,6,5,5,5,5,5,5,2,1,1,2,the showers,1,shower and soap,N/A,15,28,13
KM1220,1,0,0,1 block (around corner),2.5,3,3,3,2,3,5,1,3,3,4,male,0,black,3,3,3, ,3, ,5,5,5,5,4,4,5, ,3,3,5,5,5,5,5,0,0,0,0,0,0,0,5,4,4,3,4,0,1,0,0,0,0,0,0,0,0,0,0,0,1,0,0, , ,5,5,5,5,5, ,5, ,8,5,5,4,4,5,5,5,1,2,5,N/A,1,"the nice set up, positive vibe","bigger tent, television",10,25,15
KS0106,1,0,0,45 min,10,3,5,5,5,5,5,5,1,1,1,male,0,hispanic,2,1,1, ,1, ,5,5,5,5,1,1,1,1,2,1,1,5,5,5,5,1,1,1,1,1,1,1,1,1,2,1,2,1,1,1,1,1,0,1,1,0,0,0,0,0,1,1,0, , ,5,5,5,5,5, ,5,3,10,5,5,5,5,5,5,5,1,1,1,great staff and facility,1,friendly staff,n/a,30,32,2
KW0810,1,0,0,San Pedro 5th,10,2,5,5,5,5,5,5,1,1,1,Female,1,Black/French,2,3,1, ,1, ,5,5,5,5,1,1,1,1,1,1,1,5,5,5,5,1,1,1,1,1,1,1,2,2, ,2,4,0,1,0,0,0,0,0,0,0,0,0,0,0,0,0,0,1,ID,5,5,5,5,5, ,5,3,10,5,5,5,5,5,5,5,1,1,1, ,1,Showers,None,29,32,3
LB0728,1,0,0,2 HOURS,10,5,5,5,5,5,5,5,1,1,1,MALE,0,WHITE,4,1,1, ,1, ,5,5,5,5,1,1,1,1,1,1,1,5,5,5,5,0,1,0,1,1,1,1,1,1,1,1,1,0,0,0,0,0,0,0,0,0,0,0,0,0,0,0,0, , ,5,5,5,5,5, ,5,5,10,5,5,5,5,5,5,5,1,1,1,MEET BEAUTIFUL STAFF,1,PEACEFUL/ALL IT HAS TO OFFER,KEEP ON SMILING,32,32,0
LKJ0821,1,0,0,Less than a block,10,4,4,4,4,4,4,4,1,1,1,male,0,Black,4,1,1, ,1, ,5,5,5,5,1,1,1,1,1,1,1,5,5,5,5,1,1,1,1,1,1,1,1,1,1,1,1,1,1,1,1,1,0,1,0,0,0,0,0,0,0,1,0, , ,5,5,5,5, , ,5, ,10,5,5,5,5,5,5,5,1,1,1,n/a,1,Clean facility and friendly staff--easy to find inner peace,not right now--will think on it,25,32,7
LL0430,1,0,0,from crenshaw king,6,1,2,3,3,2,3,2,2,2,3,male,0,african american,3,4,1, ,3, ,5,5,5,5,1,1,1,1,1,1,1,5,5,5,5,1,1,1,1,1,1,1,5,5,5,5,5,1,1,1,1,1,0,1,1,1,1,1,1,1,1,1,1, , ,4,5,5,5,5, ,5,5,8,5,5,5,5,5,3,4,2,1,5,first time,1,"diversity of staff, being treated like family",more diversity,9,24,15
LM0818,0,10,3,1 mile,10,3,4,4,4,0,4,4,1,1,1,female,1,Irish/German/white,4,3,1, ,3, ,5,5,5,5,2,2,2,2,2,2,2,5,3,4,4,1,1,1,0,1,1,1,2,5,5,2,2,0,0,0,0,0,0,0,0,0,0,0,0,0,0,0,0,1,none,5,5,3,5, , ,4,4,5,4,4,4,4,4,4,4,1,1,1,"Welcomed, not judged",1,"Shower, refreshing",Shower curtains need to be cleaned,20,25,5
LM0821,0,2,2,block,10,5,5,5,5,5,5,5,3,1,1,female,1,spanish,4,2,1, ,1, ,5,5,5,5,1,1,1,1,1,1,1,5,5,5,5,1,1,1,1,0,1,1,1,1,1,1,1,0,0,0,0,0,0,0,0,0,0,0,0,0,0,0,0, , ,5,5,5,5,5, ,5,5,10,5,5,5,5,5,5,5,1,1,1,showers,1,staff,n/a,30,32,2
LP1223,0,2,2,Pasadena to here,7,2,2,3,1,1,3,5,1,2,2,1.00    ??@,1,Hispanic,4,2,1, ,1, ,5,5,5,5,1,1,1,1,1,1,1,5,5,5,5,1,1,1,1,0,1,1,1,1,1,1,1,0,0,0,0,0,0,0,0,0,0,0,0,0,0,0,0, ,N/A,1,1,1,1,1, ,1,1,10,5,5,5,5,5,5,5,1,1,1,hygiene reason,1,hygenes,nothing,12,32,20
MC122,1,0,0,40 mins,4,2,1,3,3,1,2,2,4,4,5,male,0,White,3,1,1, ,1, ,5,5,5,3,1,1,1,1,3,1,1,5,5,5,5,1,1,1,1,1,1,1,1,1,1,1,2,0,0,0,1,0,0,0,0,0,0,0,0,0,0,0,0, , ,5,5,5,5,5, ,5,3,10,5,5,5,5,5,5,5,4,1,1,convinance,1,Music,Laundry,1,29,28
MG719,1,0,0,1 hour,7,2,2,2,2,2,3,2,1,1,1,female,1,White,4,2,3, ,3, ,5,5,5,5,2,1,2,1,1,1,1,5,5,5,5,1,1,1,1,1,1,1,2,2,3,3,3,0,0,0,1,0,0,0,0,0,0,0,0,0,0,0,0, , ,5,5,5,5,5, ,5,5,9,5,5,5,5,5,5,5,1,1,1,N/A,1,convinant,"clothes, bras, shoes, lip balm, haircut",12,32,20
MH0403,0,3,3,3 Blocks,4,1,3,3,3,3,4, ,3, ,3,Male,0,Black,4,3,2, ,2, ,4,4,3,3,3,4,3,4,2,2,2,4,4,3,4,0,1,1,1,1,1,1,3,3,2,3,3,0,0,0,0,0,0,0,0,0,0,0,0,0,0,0,0, , ,4,4,4,4,3, ,4,4,6,4,4, ,3, ,4,3,4,4,3,To be clean,2,The people, , , , 
MH0510,1,0,0,Next door,8,2,5,3,2,1,4,2,1,1,1,Male,0,Black,3,4,1, ,1, ,5,5,5,5,1,1,1,1,1,1,1,5,5,5,5,0,0,0,1,1,1,1,1,1,1,1,1,0,0,0,0,0,0,0,0,0,0,0,0,0,0,0,0,1, ,5,5,5,5,5, ,5,5,10,5,5,5,5,5,4,5,1,1,1,None,1,open sky/safe haven/clouds,None,16,31,15
MJ0709,0,3,3,20 min,10,5,5,5,5, ,5,5,1,1,1, , , , ,4,2, ,2, ,5,5,5,5,1,1,1,1,5,1,1,5,5,3,5,0,1,0,1,0,0,0,5,3,5,3,3,0,0,0,0,0,0,0,0,0,0,0,0,0,0,0,0, ,n/a,5,5,1,5,5, ,5,5,10,5,5,5,5,3,5,5,1,1,1,nothing else open on sunday,1,"everything, music",shower curtains are dirty, ,30, 
MJ0915,0,3,3,0.2 miles,9,3,5,5,5,5,5,5,1,1,1,female,1,black,3,3,1, ,1, ,5,5,5,5,1,1,1,1,1,1,1,5,5,5,5,1,1,1,1,1,1,1,1,1,1,1,1,1,1,1,1,1,0,1,1,1,1,0,0,1,1,1,0, , ,5,5,5,5,5, ,5,3,10,5,5,5,5,5,5,5,1,1,1,"great staff and facility, we need more of these",1,everything about it,not right now,30,32,2
MJF1125,0,20,3,20 minutes,10,5,4,4,5,4,5,5,1,1,0,male,0,Latino,0,1,1, ,1, ,5,5,5,5,1,1,1,3,3,1,1,5,5,5,5,0,1,1,1,0,1,1,1,1,1,3,3,0,0,0,0,0,0,0,0,0,0,0,0,0,0,0,0, , ,5,5,5,5,5, ,5, ,10,5,5,5,5,5,5,5,1,1,3,"Clean facilities, able to take a nice shower with no hurry, provide towels",1,Relaxed atmosphere,TV/more entertainment for waiting,30,30,0
MK0905,1,0,0,5th Crocker,8,2, ,4,4,5,5,4,1,1,1,male,0,white, ,3,1, ,1, ,5,5,5,5,1,1,1,1,1,1,1,5,5,5,5,0,0,1,1,1,1,1,1,1,1,1,1,0,0,0,0,0,0,0,0,0,0,0,0,0,0,0,0, , ,5,5,5,5,4, ,5,5,10,5,5,5,5,5,5,5,1,1,1,n/a,1,clean/kindness,none, ,32, 
ML0623,0,10,3,2 blocks,10,4,5,4,3,3,4,5,4,1,2,female,1,hispanic,3,2,2, ,2, ,5,5,5,5,3,2,4,1,1,2,3,5,5,4,5,1,1,1,1,0,1,1,4,2,5,1,5,0,0,1,1,0,0,0,0,0,0,0,0,0,0,0,0, , ,5,4,5,2,3,1,4,3,9,4,1,4,2,3,4,5,4,1,1,to shower,1,showers and shower supplies,food,21,17,-4
MN0416,0,20,3,5 blocks,6,2,3,3,3,1,4,3,3,1,1,male,0,white,4,2,1, ,3, ,4,4,4,4,3,2,2,3,2,2,1,5,5,5,5,1,1,1,1,1,1,1,1,1,1,1,2,0,0,0,1,0,0,0,0,0,0,0,0,0,0,0,0, , ,5,5,5,5,5, ,5,2,10,5,5,5,5,5,5,5,1,1,1,friendly staff/ clean facility,1,everything,TV!,14,32,18
MR1106,0,60,3,"Maple, 6 Blocks",10,2,5,5,5,3,5,5,1,1,1,Male,0,Latino,3,1,1, ,1, ,4,4,4,4,2,2,1,1,2,2,1,5,4,5,5,0,1,1,1,1,1,1,2,2,3,1,1,0,0,0,0,0,0,0,0,0,0,0,0,0,0,0,0,1,ID,5,5,5,5,5, ,5,5,9,5,5,5,5,3,5,5,1,1,1,Best place in the community,1,Everything is clean,More clothing,27,30,3
MRT1120,1,0,0,1 Mile,10,1,3,4,5,3,5,5,1,1,2,Male,0,White,3,2,1, ,2, ,5,5,5,5,1,1,1,1,1,1,1,5,5,5,5,0,1,1,1,0,1,1,1,1,3,2,4,0,0,1,1,0,0,0,0,0,0,0,0,0,0,0,0, , ,5,5,5,5,5,5,5,5,10,5,5,5,5,5,5,5,1,1,2,1st time,1,How clean it is,None,22,31,9
MS0313,1,0,0,.2 miles,4,3,4,4,5,4,4,5,2,2,1,male,0,hispanic,3,1,1, ,1, ,5,5,5,5,1,3,1,1,1,1,1,4,3,4,5,1,1,1,1,0,1,1,1,1,1,3,4,1,0,1,1,1,1,1,1,1,0,0,0,0,1,1,0,1,love,5,5,3,5,5, ,5,5,10,5,5,5,4,4,5,5,1,1,2,I'm deff coming back,1,the love that is given,"more animals/pets, please",24,29,5
MS0521,0,15,3,block,10,5,5,5,5,5,5,5,1,1,3,male,0,spanish,4,1,1, ,1, ,5,5,5,5,2,2,2,2,1,1,1,5,5,5,5,0,1,1,1,1,1,1,3,3,3,3,3,0,0,0,0,0,0,0,0,0,0,0,0,0,0,0,0,1,NA,5,5,5,5,5, ,5,5,10,5,5,5,5,5,5,5,1,1,1,none,1,showers/and the people/music/staff,none,30,32,2
MS0927,0,2,2,7th St Metro area,8,2,4,5,5,4,5,5,1,1,3,Male,0,White,4,3,1, ,1, ,5,5,5,5,1,1,1,1,1,1,1,5,5,5,5,1,1,1,1,1,1,1,1,1,1,1,1,0,0,0,0,0,0,0,0,0,0,0,0,0,0,0,0, , ,5,5,5,5,5, ,3,5,10,5,5,5,5,5,5,5,1,1,1,Showers and the people,1,Showers/clean,N/a,25,32,7
MS1018,0,2,2,4-5 BLOCKS,4,1,3,3,3,2,3,1,1,1,1,FEMALE,1,WHITE,2,3,1, ,1, ,5,5,5,5,1,1,1,1,1,1,1,5,5,5,5,1,1,1,1,0,1,1,1,1,1,1,1,1,1,0,1,1,0,0,1,0,0,0,1,0,1,0,0, , ,5,5,5,5,5, ,5,5,6,5,5,5,5,5,1,5,1,1,5,SHOWERS,1,THE SET-UP, ,13,24,11
MW0629,0,5,3,Around the corner,3,4,4,3,3,3,3,4,2,1,1,Male,0,Black,3,3,2, ,2, ,5,5,5,5,2,2,3,3,3,2,2,4,4,4,4,0,1,1,1,1,1,1,3,4,4,3,4,0,0,0,0,0,0,0,0,0,0,0,0,0,0,0,0, , ,5,5,5,5,5, ,5,3,8,4,4,4,4,4,4,4,2,1,1,Privacy,1,Privacy,Open 7 days a week,20,24,4
NG0124,1,0,0,5 minute walk,5,1,2,2,2,1,1,2,3,2,3,female,1,mixed,3,2,1, ,1, ,5,5,5,5,2,2,1,1,1,1,2,5,5,5,5,1,1,1,1,0,1,1,1,1,2,2,2,0,0,0,0,0,0,0,0,0,0,0,0,0,0,0,0, , ,4,4,4,4,4, ,5,3,9,4,4,4,5,4,4,5,2,1,1,1st time,1,"better than any other place, not rushed",n/a,3,26,23
OB1024,0,4,3,10 min.,10,5,5,5,5,5,5,5,1,1,1,M,0,BLK,4,3,1, ,1, ,5,5,5,5,1,1,1,1,1,1,1,5,5,5,5,0,1,1,1,1,1,1,1,1,1,1,1,0,0,0,0,0,0,0,0,0,0,0,0,0,0,0,0, , ,5,5,5,5,5, ,5,2,10,5,5,5,5,5,5,5,1,1,3,Shower and the convenience,1,Shower,Consistent hours,32,30,-2
OS1213,0,12,3,walking distance,6,1,4,3,3,1,4,3,2,2,1,trans,3,african american,4,4,1, ,1, ,5,5,5,5,5,5,5,5,5,5,5,5,5,5,5,1,1,1,1,1,1,1,1,1,1,1,1,0,0,1,0,0,0,0,0,0,0,0,0,0,0,0,0, , ,5,5,5,5, , ,5,5,10,4,4,4,4,4,4,4,1,1,3,a need,1,that it exsists,24 hour service,14,23,9
OTH516,0,7,3,2 Blocks,6,3,4,3,4,1,3,3,2,2,2,Male,0,Mixed,3,1,3, ,3, ,2,4,3,2,1,2,1,3,3,2,2,5,5,5,3,1,1,1,1,1,1,1,3,3, ,3,4,0,0,0,0,0,0,0,0,0,0,0,0,0,0,0,0, , ,5,5,4,5,5, ,4,4,9,5,5,5,5,3,5,5,1,1,2,"The showers, sink for shaving",1,Easy to access/pretty chill,Section for belongings,15,29,14
PA0322,0,10,3,SAN PEDRO,10,5,5,5,5,5,5,5,1,1,1,FEMALE,1,BLACK,4,3,1, ,1, ,5,5,5,5,1,1,1,1,1,1,1,5,5,5,5,1,1,1,1,0,1,1,1,1,1,1,1,1,1,1,0,0,1,0,0,1,1,0,0,1,0,0,1, , ,5,5,5,5,5, ,5,5,10,5,5,5,5,5,5, ,1,1,1,SHOWER,1,STAFF MIKO,KEEP MIKO,32, , 
PA1201,0,4,3,3 BLOCKS, , ,4,4,4,4,4,3,3,3,3,FEMALE,1,BLACK/WHITE,3,3,1, ,1, ,5,5,5,5,4,4,5,4,5,5,5,5,5,5,5,1,1,1,1,1,1,1,1,1,1,1,1,0,0,0,0,0,0,0,0,0,0,0,0,0,0,0,0, ,N/A,5,5,5,5,5, ,5,5,4,5,5,5,5,5,5,5,1,1,1,ITS COMFORTABLEQ,1,ITS COMFORTABLE,ITS GREAT, ,32, 
PC0410,0,30,3,1 Block,9,5,5,5,5,5,5,5,1,1,1,Female,1,Imdina,2,3,1, ,1, ,5,5,5,5,1,2,1,1,2,1,1,5,5,5,5,1,1,1,1,1,1,1,1,1,1,1,1,0,0,0,1,0,0,0,0,0,0,0,0,0,0,0,0,1,ID Service,5,5,5,5,5, ,5,3,10,5,5,5,5,5,5,5,1,1,1,"Nice people, nice vibe, feel comfortable",1,"Energy, respect, vibe, the people",N/a,32,32,0
RAD0908,0,10,3,1 BLOCK,7,2,2,3,1,1,3,4,1,1,1,MALE,0,WHITE,3,1,1, ,1, ,5,5,5,5,1,1,1,1,1,1,1,5,5,5,5,0,1,1,1,0,1,1,1,1,1,1,1,1,1,0,1,0,0,0,0,0,0,0,0,0,0,0,0, , ,5,5,5,5,5, ,5,5,8,5,5,5,5,5,5,5,1,1,1,SHOWER,1,CLOSE BY, ,13,32,19
RB1030,0,3,3,walking distance,5,2,2,2,2,1,1,2,2,2,3,Male,0,Black,3,4,1, ,1, ,5,5,4,5,2,1,1,1,2,1,1,5,5,4,5,1,0,1,1,0,1,1,1,2,1,1,2,0,1,0,0,0,1,0,0,0,0,0,0,0,0,0,0, , ,4,4,4,4,5, ,4,5,10,5,4,5,5,4,4,5,4,4,5,my friends come here,1,a place to get clean,more women workers,5,19,14
RD0528,0,6,3,block,10,5,5,5,5,5,5,5,1,1,1,female,1, japanese,4,2,1, ,1, ,5,5,5,5,1,1,1,1,1,1,1,5,5,5,5,1,1,1,1,0,1,1,1,1,1,1,1,0,0,0,0,0,0,0,0,0,0,0,0,0,0,0,0, , ,5,5,5,5,5, ,5,5,10,5,5,5,5,5,5,5,1,1,1,showers,1,staff,keep this place open,32,32,0
RE0603,1,0,0,.1 mile,8,1,3,3,3,4,4,3,1,1,1,female,1,white,3,4,1, ,1, ,5,5,5,5,2,1,1,3,2,2,2,5,5,5,5,1,0,1,1,1,1,1,1,2,2,2,2,0,0,0,0,0,0,0,0,0,0,0,0,0,0,0,0, , ,5,5,5,5,4, ,5,5,9,5,5,5,5,5,5,5,1,1,1,N/A,1,coffee/showers,none,18,32,14
RH0708,1,0,0,4 BLOCKS,4,2,2,2,2,1,3,2,2,1,1,FEMALE,1,BLACK,3,3,1, ,1, ,5,5,5,5,5,5,5,5,5,5,5,5,5,5,5,1,1,1,1,1,1,1,1,1,2,1,1,1,1,1,0,0,0,0,1,0,0,0,0,0,0,0,0, , ,5,5,5,5,4, ,5,5,5,2,2,2,2,1,2,2,2,2,1, ,1,NICE STAFF AND CLEAN,NO,10,8,-2
RL0310,0,5,3,Mile and half,10,3,3,2,1,1,4,3,2,2,3,Male,0,White/Hispanic,3,1,1, ,2, ,5,5,5,5,1,1,1,1,1,1,1,5,5,5,5,0,1,1,1,1,1,1,1,1,1,1,1,0,1,0,1,0,0,0,0,1,1,0,0,0,1,0,1, , ,5,5,5,5,5, ,5,1,9,5,5,5,3,5,5,5,1,2,2,"Cleanest spot in skid row, atmosphere",1,"Staff, treated like a human being","Clothing, more information about resources",10,28,18
RLS0310,1,0,0,30 minutes,5,2,2,3,4,1,2,2,1,1,3,male,0,black,4,3,1, ,1, ,5,5,5,5,1,1,1,2,3,2,1,5,5,5,5,0,1,1,1,1,1,1,1,2,2,1,1,0,0,0,0,0,0,0,0,0,0,0,0,0,0,0,0,1,N/A,5,5,5,5,4, ,5,4,10,5,5,5,5,5,5,5,1,1,1,Becasue I have personal need that are being met here,1,Staying clean/change of clothes,none,11,32,21
RMC0501,0,1,1,1-2 blocks,7,3,5,5,5,5,5,4,1,1,1,male,0,Latino,3,2,1, ,3, ,5,5,5,5,1,2,1,1,3,1,1,5,5,5,5,0,1,1,1,0,1,1,1,5,3,2,5,0,0,0,0,0,0,0,0,0,0,0,0,0,0,0,0, ,n/a,5,5,5,5, , ,5,5,1,5,5,3,4, ,4,4,3,1,1,"clean, good helpful people",1,friendly staff,n/a,29, , 
RR1028,0,4,3,5 miles away,10,5,5,3,4,4,4,3,3,5,5,female,1,USA,4,3,1, ,1, ,5,5,5,5,1,1,1,1,1,1,1,5,5,5,5,1,1,1,1,1,1,1, , , , , ,0,0,0,1,0,0,0,0,0,0,0,0,0,0,0,0, , ,5,5,5,5, , ,5,5,10,5,5,3,5,5,5,3,3,1,1,no house,1,freedom,more food/clothing,15,26,11
RS1112,1,0,0,5-10 miles/30 mins,10,5,5,3,3,3,4,3,3,2,3,male,0,Latino,4,3,1, ,3, ,5,5,5,5,1,1,1,3,3,1,1,3,3,3,5,1,1,1,1,1,1,1,1,1,3,1,5,0,0,0,1,0,0,0,0,0,0,0,0,0,0,0,0, , ,5,5,5,5,5, ,5,5,10,5,5,3,3,4,4,5,2,1,3,n/a,1,everything,n/a q-tips,18,23,5
RT0103,0,4,3,close by,4,1,1,1,1,1,1,1,1,1,1,female,1,blk,3,1,1, ,3, ,5,5,5,5,1,1,1,1,1,1,1,5,5,5,5,1,1,1,1,1,1,1,1,1,1,1,1,0,1,0,1,0,0,1,1,0,1,0,1,0,0,0,0, , ,5,5,5,5,5, ,5,3,9,5,5,4,3,1,5,5,1,1,1,Showers,1,Nice staff,n/a,4,25,21
RT0104,0,9,3,chinatown bus,9,5,5,5,5,5,5,5,1,1,1,male,0,italian,4,4,1, ,1, ,5,5,5,5,1,1,1,1,1,1,1,5,5,5,5,0,1,1,1,1,1,1,1,1,1,1,1,0,0,0,0,0,0,0,0,0,0,0,0,0,0,0,0, , ,5,5,5,5,5, ,5,3,10,5,5,5,5,5,5,5,1,1,1,"people, comfortable",1,"peace of mind, showers",none,32,32,0
SB0214,0,2,2,2 Blocks,10,2,5,5,5,5,5,5,1,1,1,Female,1,Hispanic,3,3,1, ,1, ,5,5,5,5,1,1,1,1,1,1,1,5,5,5,5,1,1,1,1,1,1,1,1,1,1,1,1,0,0,0,0,0,0,0,0,0,0,0,0,0,0,0,0, , ,5,5,5,5,5, ,5,5,10, , , , , , , , , , ,Showers/staff,1,Showers/staff,Snacks,29, , 
SC1007,1,0,0,2 blocks,7,3,3,3,3,3,4,3,2,5,1,female,1,Hispanic,4,4,1, ,2, ,5,5,5,5,1,1,1,1,1,1,1,5,5,5,5,1,1,1,1,1,1,1,1,1,1,1,1,0,0,0,0,0,0,0,0,0,0,0,0,0,0,0,0, , ,5,5,5,5,5, ,5,5,10,5,5,5,4,4,4,3,3,4,3,1st time,1,Good people and clean,it's good the way it is. Great people.,14,20,6
SLP0815,1,0,0,2 blocks,7,2,5,4,5,5,5,5,2,2,1,female,1,mixed,4,3,1, ,1, ,5,5,5,5,1,1,1,1,1,1,1,5,5,5,5,1,1,1,1,1,1,1,1,1,1,1,1,0,0,0,1,0,0,0,0,0,0,0,0,0,0,0,0, , ,5,5,5,5,5,1,5,4,10,5,5,5,5,5,5,5,1,1,1,first time,1,"convenient, comfortable, safe","fresh clothes, laundry",26,32,6
SM0221,0,8,3,1 mile,8,2,2,5,5,5,5,5,2,1,2,1.00    ??@,1,White,3,1,2, ,2, ,4,4,4,4,1,5,2,4,3,2,3,4,4,4,4,1,1,1,1,0,1,1,2,4,4,3,3,0,0,0,1,0,0,0,0,0,0,0,0,0,1,0,0, , ,4,4,4,4,2, ,3,4,6,4,4,4,3,3,4,3,2,2,3,showers,0,That I can get clean,laundry services,24,18,-6
SM0804,0,2,2,FEW BLOCKS,3,2,4,1,1,4,3,4, ,3,5,MIXED,2,PREFERS NOT TO ANSWER,3,1,1, ,2, ,5,5,5,5,1,1,1,1,1,1,1,5,5,5,5,1,1,1,1,1,1,1,1,1,5,3,5,0,0,0,0,0,0,0,0,0,0,0,0,0,0,0,0, , ,5, ,5,5,5, ,5,5,10,5,5,3,3,3,5,3,1,1,5,GREAT CUSTOMER SERVICE,1,"CUSTOMER SERVICE, FOOD",PUMACE STONE FOR FOOT CARE, ,20, 
SRC122,0,1,1,stanford,9,2,5,5,5,5,5,5,1,1,1,female,1,other,4,3,3, ,1, ,5,5,5,5,1,3,3,4,5,2,2,5,5,5,5,1,1,1,1,1,1,1,3,1,5,2,5,1,1,1,1,1,0,0,1,0,1,0,1,0,1,1,1,1,chapstick,5,5,5,3,4, ,5,1,7,5,4,3,3,1,4,3,3,2,2,N/A,1,"easy access, helpful staff, and free showers",chapstick and laundry,29,16,-13
ST1019,1,0,0,1 Mile,10,5,5,5,5,5,5,5, ,1,1,Female,1,Bleizenn,5,3,2, ,2, ,5,5,5,5,1,2,1,1,2,1,1,4,5,5,5,1,1,1,1,1,1,1,1,1,1,1,1,1,1,1,1,1,0,1,1,1,1,1,1,1,1,1,1, , ,5,5,5,5,5, ,5,5,10,5,5,3,5,5,5,5,1,1,1,N/A 1st time,1,Hygiene and resources,People who treat each other with respect, ,30, 
SW0727,0,4,3,1 block,10,5,5,5,5,5,5,5,1,1,1,female,1,African American,3,4,1, ,1, ,5,5,5,5,1,1,1,1,1,1,1,5,5,5,5,1,1,1,1,0,1,1,1,1,1,1,1,1,1,0,0,0,0,1,0,0,0,1,1,0,0,1,0, , ,5,5,5,5,5, ,5,5,10,5,5,5,5,5,5,5,1,1,1,"showers, breakfast",1,staff,N/A,32,32,0
SW1124,1,0,0,2 Miles,6,2,2,2,2,2,2,2,2,2,2,Male,0,Black,2,2,2, ,2, ,5,5,5,5,2,2,2,2,2,2,2,2,2,2,2,1,1,1,1,1,1,1,2,2,2,2,2,0,0,0,0,0,0,0,0,0,0,0,0,0,0,0,0, , ,4,4,4,4,4,4,4,4,7,5,5,5,5,5,5,5,5,5,5,Stay clean,2,Staff,N/a,8,20,12
TA0521,1,0,0,4 Blocks,8,2,5,5,5,5,5,5,1,1,1,Male,0,Black, ,4, , , , ,5,5,5,5,1,1,1,1,1,1,1,5,5,5,5,0,1,1,1,1,1,1,1,1,1,1,1,0,0,0,0,0,0,0,0,0,0,0,0,0,0,0,0, , ,5,5,5,5,5, ,5,5,10,5,5,5,5,5,5,5,1,1,1,Showers,1,Showers,N/a,29,32,3
TG0215,0,1,1,1 mile,5,1,2,2,4,3,4,2,1,1,1,male,0,black,4,1,2, ,5,n/a,2,2,4,4,2,2,2,2,2,3,2,4,4,4,4,1,1,1,1,1,1,1,2,2,2,1,2,0,0,0,0,0,0,0,0,0,0,0,0,0,0,0,0, , ,4,4,4,4,4, ,4,4,9,5,4,4,4,4,4,4,1,1,1,likes it,1,music,n/a,15,26,11
TH0221,0,40,3,walk,10,5,5,5,5,5,5,5,1,1,1,female,1,Blk,4,4,1, ,1, ,4,4,4,4,2,2,2,2,2,1,2,4,4,4,4,1,1,1,1,1,1,1,1,1,1,1,1,1,1,0,1,0,0,0,1,0,0,0,0,0,0,0,0, , ,5,5,5,5,5,5,5,5,10,5,5,5,5,5, , ,1,1,1,It's very clean,1,The staff are the bomb!,"Yes, let me do the horticulture ?? Praise God. :)",32, , 
TM0102,0,2,2,compton,10,1,4,5,5,3,5,5,1,1,1,male,0,other,4,4,1, ,1, ,5,5,5,5,1,1,1,1,1,1,1,5,5,5,5,0,1,1,1,1,1,1,1,1,1,1,1,0,0,0,0,0,0,0,0,0,0,0,0,0,0,0,0,1,ID refferal,5,5,5,5,5, ,5,5,10,5,5,5,5,5,5,5,1,1,1,"healthy and clean, very warming/inviting",1,everything/so much respect,expand,25,32,7
TM0616,0,20,3,across the street,5,5,5,5,5,5,5,5,1,1,1,female,1,hispanic,3,4,1, ,1, ,5,5,5,5,1,1,1,1,1,1,1,5,5,5,5,1,1,1,1,1,1,1,1,1,2,1,2,0,1,1,1,1,0,1,0,0,0,0,0,0,1,1,0, , ,5,5,5,5,5, ,5,3,7,5,5,5,5,5,5,5,1,1,1,great facility and friendly staff,1,everything,24/7 hours and laundry,32,32,0
TMJ0506,1,0,0,3 blocks,8,2,4,4,4,4,4,4,1,1,1,female,1,black,4,1,1, ,1, ,5,5,5,5,1,4,1,1,1,1,1,5,5,5,5,1,1,1,1,1,1,1,1,2,5,1,5,0,0,0,0,0,0,0,0,0,0,0,0,0,0,0,0,1,not specified,5, ,5,5,5, ,5,5,10,5,5,5,5,5,5,5,1,1,1,n/a,1,outside/clean/friendly,"add bras to hygiene kits; panty liners,deordoant, dry shampoo",23,32,9
TRR0716,1,0,0,1 BLOCK,5,1,1,5,5,5,5,5,1,1,1,FEMALE,1,AMERICAN INDIAN,4,4,1, ,1, ,5,5,5,5,1,1,1,1,1,1,1,5,5,5,5,1,1,1,1,1,1,1,1,1,1,1,1,0,0,0,0,0,0,0,0,0,0,0,0,0,0,0,0, , ,5,5,5,5,5, ,5,5,10,5,5,5,5,5,5,5,1,1,1,"GREAT STAFF,CLEAN,MUSIC",1,CLEANLINESS,None,24,32,8
UG0410,0,2,2,3000 miles,1,1,2,1,1,5,5, ,2,4,1,male,0,black,5,4,1, ,1, ,3,3,4,5,1,4,1,3,5,2,3,2,3,5,5,0,1,1,1,1,1,1,1,1,1,1,1,0,0,0,0,0,0,0,0,0,0,0,0,0,0,0,0, , ,5,3,5,5, , ,2,3,10,5,5,4,3,3,3,2,1,2,2,easy to access and safe,2,music and atmosphere,n/a, ,20, 
VAE0328,0,6,3,santa monica beach,10,2,4,3,3,3,1,2,1,1,1,male,0,white,4,1,1, ,2, ,5,5,5,5,1,1,1,1,1,1,1,5,5,5,5,1,1,1,1,1,1,1,1,1,1,1,1,0,0,0,1,0,0,0,0,0,0,0,0,0,0,0,0, , ,4,4,4,4,4,4,4,4,7,5,5,3,2,2,2,3,1,1,1,its the best thing on skid row. better than a meal,1,clean towel and hot water,just continue operation,15,19,4
VMF0623,0,8,3,Standford 6th,8,1,5,5,5,5,5,4,1,1,1,Female,1,White/Black,3,4,1, ,1, ,5,5,5,5,1,1,1,1,1,1,1,5,5,5,5,1,0,1,1,0,1,1,1,1,1,1,1,0,0,0,0,0,0,0,0,0,0,0,0,0,1,0,0,1,ID Referral; Homeless healthcare,5,5,5,5,5, ,5,5,10,5,5,5,5,5,5,5,1,1,2,Great staff and very clean. Relaxing,1,Showers/music/staff,None,27,31,4
VP0506,0,2,2,.6 miles,8,2,2,5,5,5,5,5,1,1,1,1.00    ??@,1,Black,4,3,1, ,1, ,5,5,5,5,2,2,2,3,3,3,3,5,5,5,5,1,1,1,1,1,1,1,2,2,3,2,2,0,0,0,0,0,0,0,0,0,0,0,0,0,0,0,0, ,N/A,5,5,5,5, , ,5,5,10,5,5,5,5,5,5,5,1,1,1,Because it's great,1,the showers,none,26,32,6
VR0508,1,0,0,4 hours,1,1,1,1,1,1,5,5,5,5,1,male,0,mexican,2,1,1, ,1, ,5,5,5,5,1,1,1,5,2,1,1,5,5,5,5,0,1,1,1,0,1,1,1,1,1,1,5,0,0,0,1,0,0,0,0,0,0,0,0,0,0,0,0, , ,5,5,5,5, , ,5, ,10,1,1,1,1,1,5,5,1,1,1,n/a,1,Ambitions/goals,none,4,12,8
VS0505,1,0,0,1 mile,9,2,2,3,2,2,4,4,1,1,1,male,0,Hispanic,3,1,1, ,1, ,5,5,5,5,1,1,1,1,1,1,1,5,5,5,5,0,1,1,1,1,1,1,1,1,1,1,1,0,0,0,0,0,0,0,0,0,0,0,0,0,0,0,0, , ,5,5,5,5,5, ,5, ,9,5,5,5,5,5,5,5,2,2,2,?? showers,1,niceness outstanding,no,16,29,13
WB0919,0,8,3,block,6,1,3,3,3,1,1,1,1,1,3,male,0,African American,3,4,2, ,2, ,5,5,5,5,1,1,1,1,1,1,1,5,5,4,5,0,0,0,1,0,0,0,1,1,4,1,1,0,0,0,0,0,0,0,0,0,0,0,0,0,0,0,0, , ,5,5,3,5,5, ,3,3,8,5,5,3,3,3,3,3,1,1,3,open in the morning,1,open in the morning, keep opening in the morning,8,20,12
WE612,0,20,3,not very far,10,4,5,5,5,3,5,5,1,1,1,.00     ??@,0,Black/Native,4,4,1, ,1, ,4,4,4,5,1,2,1,2,2,2,1,4,4,5,5,1,1,1,1,1,1,1,4,2,2,1,1,1,0,1,1,0,0,0,0,0,0,0,0,0,0,0,0, , ,5,4,4,4,4, ,4,3,10,3,5,5,5,5,4,5,3,1,2,safe comfortable clean music. get away.,2,water,more people get employer,29,26,-3
WJ0119,0,4,3,a few blocks,7,3,4,3,4,2,3,3,2,1,1,male,0,black,4,4,1, ,1, ,5,5,5,5,1,1,3,1,1,1,1,5,5,4,5,0,1,0,0,0,0,0,1,1,1,1,3,0,0,0,1,0,0,0,0,0,0,0,0,0,0,0,0, , ,5,5,5,5,5, ,5,5,5,4,5,3,5,1,3,3,1,1,1,looking for a place to live,1,nice staff,N/A,18,21,3
